都道府県名,年,国籍,年間訪問者数,第1四半期,第2四半期,第3四半期,第4四半期
東京都,2012,韓国,730331,195991,157109,194386,182845
東京都,2012,中国,845709,202204,240194,326725,76586
東京都,2012,台湾,615463,123455,169409,180846,141753
東京都,2012,香港,251594,56710,65129,66242,63513
東京都,2012,タイ,144820,30663,43853,22718,47586
東京都,2012,シンガポール,94872,20219,23161,15833,35659
東京都,2012,マレーシア,70915,11102,21119,15624,23070
東京都,2012,インド,43419,10136,11548,10254,11481
東京都,2012,英国,135294,34701,34017,29555,37021
東京都,2012,フランス,106538,21896,26804,28920,28918
東京都,2012,ドイツ,66075,15923,15477,15568,19107
東京都,2012,ロシア,37265,7771,8110,9908,11476
東京都,2012,カナダ,96510,23627,23908,21987,26988
東京都,2012,米国,439900,100278,125351,97118,117153
東京都,2012,オーストラリア,142168,32253,32043,34232,43640
神奈川県,2012,韓国,155751,39558,33716,37026,45451
神奈川県,2012,中国,275903,53229,84426,116788,21460
神奈川県,2012,台湾,161841,32295,40037,44220,45289
神奈川県,2012,香港,39820,8202,8275,11905,11438
神奈川県,2012,タイ,43001,9560,10623,5742,17076
神奈川県,2012,シンガポール,21422,4995,5900,2946,7581
神奈川県,2012,マレーシア,14627,2443,5157,2467,4560
神奈川県,2012,インド,16103,4492,4313,3182,4116
神奈川県,2012,英国,26888,6776,7537,6820,5755
神奈川県,2012,フランス,21087,4704,4677,7004,4702
神奈川県,2012,ドイツ,16750,2369,5254,5838,3289
神奈川県,2012,ロシア,9107,2033,1318,2909,2847
神奈川県,2012,カナダ,18242,3500,5289,4091,5362
神奈川県,2012,米国,134366,28115,43637,29107,33507
神奈川県,2012,オーストラリア,21869,3308,5243,5135,8183
千葉県,2012,韓国,97147,22296,25721,23802,25328
千葉県,2012,中国,215861,45114,52961,104792,12994
千葉県,2012,台湾,159378,24508,40634,64043,30193
千葉県,2012,香港,41019,10545,8275,16179,6020
千葉県,2012,タイ,33843,6674,7627,4743,14799
千葉県,2012,シンガポール,19743,3092,4807,2578,9266
千葉県,2012,マレーシア,21948,4219,8350,2673,6706
千葉県,2012,インド,6513,1497,1948,1768,1300
千葉県,2012,英国,17704,3901,4889,3927,4987
千葉県,2012,フランス,7643,1460,1799,2033,2351
千葉県,2012,ドイツ,8053,1316,1420,2811,2506
千葉県,2012,ロシア,5661,1017,1217,2182,1245
千葉県,2012,カナダ,16557,3500,3808,4602,4647
千葉県,2012,米国,85437,17572,21957,22767,23141
千葉県,2012,オーストラリア,25561,4135,8448,5477,7501
埼玉県,2012,韓国,45073,9710,8690,14877,11796
埼玉県,2012,中国,29833,4544,9035,10938,5316
埼玉県,2012,台湾,24269,4352,5079,7929,6909
埼玉県,2012,香港,3494,234,534,1221,1505
埼玉県,2012,タイ,10963,1804,3269,2247,3643
埼玉県,2012,シンガポール,2511,714,219,736,842
埼玉県,2012,マレーシア,901,222,0,411,268
埼玉県,2012,インド,1658,230,278,825,325
埼玉県,2012,英国,3206,821,407,827,1151
埼玉県,2012,フランス,3592,811,720,1356,705
埼玉県,2012,ドイツ,3296,790,426,1297,783
埼玉県,2012,ロシア,975,218,304,364,89
埼玉県,2012,カナダ,2456,219,423,1278,536
埼玉県,2012,米国,12381,2343,4169,3458,2411
埼玉県,2012,オーストラリア,2565,276,583,342,1364
群馬県,2012,韓国,14164,3237,2781,3636,4510
群馬県,2012,中国,12298,1298,3738,5293,1969
群馬県,2012,台湾,17431,2290,2988,3965,8188
群馬県,2012,香港,2411,703,801,305,602
群馬県,2012,タイ,813,541,272,0,0
群馬県,2012,シンガポール,465,0,0,184,281
群馬県,2012,マレーシア,1077,666,0,411,0
群馬県,2012,インド,1216,346,417,236,217
群馬県,2012,英国,1191,616,0,0,575
群馬県,2012,フランス,1569,162,720,452,235
群馬県,2012,ドイツ,994,263,142,432,157
群馬県,2012,ロシア,255,73,0,182,0
群馬県,2012,カナダ,1070,0,635,256,179
群馬県,2012,米国,5620,703,2224,1729,964
群馬県,2012,オーストラリア,1234,551,0,342,341
山梨県,2012,韓国,20603,5394,2781,8265,4163
山梨県,2012,中国,204859,45764,56077,96324,6694
山梨県,2012,台湾,70910,9162,20915,23178,17655
山梨県,2012,香港,26386,6561,6139,10074,3612
山梨県,2012,タイ,42640,11363,11712,4993,14572
山梨県,2012,シンガポール,9139,1665,2622,921,3931
山梨県,2012,マレーシア,10213,2220,3192,1850,2951
山梨県,2012,インド,1847,461,835,118,433
山梨県,2012,英国,9125,821,2444,4134,1726
山梨県,2012,フランス,4484,487,1259,2033,705
山梨県,2012,ドイツ,2396,263,426,1081,626
山梨県,2012,ロシア,2334,218,1217,454,445
山梨県,2012,カナダ,7876,438,2327,3324,1787
山梨県,2012,米国,21947,3983,8060,7493,2411
山梨県,2012,オーストラリア,10510,1103,2913,3766,2728
栃木県,2012,韓国,21969,4315,3128,7934,6592
栃木県,2012,中国,15827,2597,5608,3881,3741
栃木県,2012,台湾,22557,3436,5079,4575,9467
栃木県,2012,香港,4628,469,534,916,2709
栃木県,2012,タイ,13573,2886,3269,1498,5920
栃木県,2012,シンガポール,1939,476,437,184,842
栃木県,2012,マレーシア,4021,1332,1473,411,805
栃木県,2012,インド,2250,461,974,707,108
栃木県,2012,英国,7236,821,1426,2687,2302
栃木県,2012,フランス,6164,649,1619,2485,1411
栃木県,2012,ドイツ,4447,1053,568,1730,1096
栃木県,2012,ロシア,2855,1017,304,1000,534
栃木県,2012,カナダ,2803,219,846,1023,715
栃木県,2012,米国,19107,2109,5837,6340,4821
栃木県,2012,オーストラリア,6284,827,2039,2054,1364
茨城県,2012,韓国,18626,4675,2433,5620,5898
茨城県,2012,中国,14979,1947,6231,2470,4331
茨城県,2012,台湾,4567,916,896,1220,1535
茨城県,2012,香港,602,0,0,0,602
茨城県,2012,タイ,8546,2706,817,2746,2277
茨城県,2012,シンガポール,2445,238,1093,552,562
茨城県,2012,マレーシア,2813,444,491,0,1878
茨城県,2012,インド,2385,461,557,825,542
茨城県,2012,英国,4450,1643,815,1033,959
茨城県,2012,フランス,1290,649,180,226,235
茨城県,2012,ドイツ,3069,658,1136,649,626
茨城県,2012,ロシア,2547,508,507,909,623
茨城県,2012,カナダ,2364,438,1058,511,357
茨城県,2012,米国,12459,3749,1112,5187,2411
茨城県,2012,オーストラリア,2924,0,874,1027,1023
東京都,2013,韓国,748483,219868,199160,173372,156083
東京都,2013,中国,781886,129071,172099,278535,202181
東京都,2013,台湾,827819,152315,227146,255368,192990
東京都,2013,香港,304887,65487,83833,75549,80018
東京都,2013,タイ,255421,43884,64946,50377,96214
東京都,2013,シンガポール,126953,23214,35460,17297,50982
東京都,2013,マレーシア,103107,17569,21962,18535,45041
東京都,2013,インド,48819,10586,13385,12632,12216
東京都,2013,英国,150856,35881,38434,35364,41177
東京都,2013,フランス,123965,22858,32634,37126,31347
東京都,2013,ドイツ,79575,16976,20289,19628,22682
東京都,2013,ロシア,42364,8363,11589,11370,11042
東京都,2013,カナダ,113431,23543,31409,26559,31920
東京都,2013,米国,510599,106241,147160,120904,136294
東京都,2013,オーストラリア,178411,48516,40645,38186,51064
神奈川県,2013,韓国,166028,48943,41077,38859,37149
神奈川県,2013,中国,251728,31800,58453,101367,60108
神奈川県,2013,台湾,205859,36582,57593,68753,42931
神奈川県,2013,香港,49979,12238,11712,9014,17015
神奈川県,2013,タイ,50166,8249,9339,13009,19569
神奈川県,2013,シンガポール,24600,3606,7880,5210,7904
神奈川県,2013,マレーシア,19972,3409,5590,4008,6965
神奈川県,2013,インド,14517,2435,5213,3677,3192
神奈川県,2013,英国,30676,6716,6406,8431,9123
神奈川県,2013,フランス,29085,3589,7139,10450,7907
神奈川県,2013,ドイツ,21247,4338,4876,6710,5323
神奈川県,2013,ロシア,13874,1930,4326,4088,3530
神奈川県,2013,カナダ,19863,2539,6049,4182,7093
神奈川県,2013,米国,147649,27592,45898,33752,40407
神奈川県,2013,オーストラリア,22613,4703,4475,6708,6727
千葉県,2013,韓国,105470,36896,21576,29144,17854
千葉県,2013,中国,190110,25654,44154,78044,42258
千葉県,2013,台湾,308147,46559,91227,111782,58579
千葉県,2013,香港,47142,12238,14178,12448,8278
千葉県,2013,タイ,48338,6269,14432,10242,17395
千葉県,2013,シンガポール,27327,4282,9313,1876,11856
千葉県,2013,マレーシア,40994,8391,10382,2254,19967
千葉県,2013,インド,5889,1588,1409,1131,1761
千葉県,2013,英国,19250,2494,6673,5152,4931
千葉県,2013,フランス,7502,1322,2040,3575,565
千葉県,2013,ドイツ,8215,1320,2359,2684,1852
千葉県,2013,ロシア,7641,1608,2472,1533,2028
千葉県,2013,カナダ,24835,7155,6049,4810,6821
千葉県,2013,米国,65927,12893,18359,15113,19562
千葉県,2013,オーストラリア,22494,6436,7458,3096,5504
埼玉県,2013,韓国,33791,6024,9958,8594,9215
埼玉県,2013,中国,37477,10689,6272,10316,10200
埼玉県,2013,台湾,22469,4656,6450,6548,4815
埼玉県,2013,香港,5403,1654,1541,1288,920
埼玉県,2013,タイ,8484,1320,1698,1661,3805
埼玉県,2013,シンガポール,659,451,0,208,0
埼玉県,2013,マレーシア,5996,1049,799,2755,1393
埼玉県,2013,インド,2166,423,423,660,660
埼玉県,2013,英国,4860,576,1868,937,1479
埼玉県,2013,フランス,4202,945,1020,825,1412
埼玉県,2013,ドイツ,1720,189,629,671,231
埼玉県,2013,ロシア,593,107,155,256,75
埼玉県,2013,カナダ,2707,692,233,418,1364
埼玉県,2013,米国,15721,3610,3729,4534,3848
埼玉県,2013,オーストラリア,870,0,0,258,612
群馬県,2013,韓国,10757,2635,3319,3363,1440
群馬県,2013,中国,8072,2138,1505,2243,2186
群馬県,2013,台湾,18699,2328,4607,6548,5216
群馬県,2013,香港,7297,1654,308,2576,2759
群馬県,2013,タイ,3107,330,849,1384,544
群馬県,2013,シンガポール,2223,225,0,417,1581
群馬県,2013,マレーシア,1578,0,399,250,929
群馬県,2013,インド,515,106,0,189,220
群馬県,2013,英国,2445,0,534,1171,740
群馬県,2013,フランス,2316,189,1020,825,282
群馬県,2013,ドイツ,1597,0,0,671,926
群馬県,2013,ロシア,75,0,0,0,75
群馬県,2013,カナダ,1896,692,931,0,273
群馬県,2013,米国,7621,2063,2008,2267,1283
群馬県,2013,オーストラリア,1174,495,373,0,306
山梨県,2013,韓国,24309,3765,9958,5978,4608
山梨県,2013,中国,168137,17904,40892,68176,41165
山梨県,2013,台湾,102266,14300,29488,41626,16852
山梨県,2013,香港,35949,4961,9863,13307,7818
山梨県,2013,タイ,69872,7589,21224,16054,25005
山梨県,2013,シンガポール,22987,2028,5373,3334,12252
山梨県,2013,マレーシア,20520,4196,1997,2254,12073
山梨県,2013,インド,2675,318,423,943,991
山梨県,2013,英国,9681,1727,2936,3045,1973
山梨県,2013,フランス,8905,756,2040,3850,2259
山梨県,2013,ドイツ,6247,755,1101,1845,2546
山梨県,2013,ロシア,2679,107,618,1278,676
山梨県,2013,カナダ,8195,462,2559,2719,2455
山梨県,2013,米国,25867,2321,6598,9572,7376
山梨県,2013,オーストラリア,9134,743,2610,1806,3975
栃木県,2013,韓国,23194,4518,7054,6726,4896
栃木県,2013,中国,22364,4543,5770,4037,8014
栃木県,2013,台湾,31252,5986,8754,6080,10432
栃木県,2013,香港,4824,1323,1233,429,1839
栃木県,2013,タイ,29151,2640,5518,3598,17395
栃木県,2013,シンガポール,6837,902,358,834,4743
栃木県,2013,マレーシア,4831,524,1198,1252,1857
栃木県,2013,インド,3446,212,845,848,1541
栃木県,2013,英国,6211,1151,2669,1405,986
栃木県,2013,フランス,7830,1700,1700,3300,1130
栃木県,2013,ドイツ,6235,755,1887,1510,2083
栃木県,2013,ロシア,2487,107,464,639,1277
栃木県,2013,カナダ,3913,462,1396,418,1637
栃木県,2013,米国,25641,3610,4877,8816,8338
栃木県,2013,オーストラリア,5960,990,1492,1032,2446
茨城県,2013,韓国,20710,6400,3319,5231,5760
茨城県,2013,中国,22321,5612,4265,8073,4371
茨城県,2013,台湾,10175,1663,2764,3742,2006
茨城県,2013,香港,0,0,0,0,0
茨城県,2013,タイ,8947,1320,2971,1938,2718
茨城県,2013,シンガポール,2110,0,716,208,1186
茨城県,2013,マレーシア,2377,262,399,1252,464
茨城県,2013,インド,2267,635,564,848,220
茨城県,2013,英国,4713,768,801,1171,1973
茨城県,2013,フランス,1661,756,340,0,565
茨城県,2013,ドイツ,2172,189,786,503,694
茨城県,2013,ロシア,2010,536,309,639,526
茨城県,2013,カナダ,1680,692,233,209,546
茨城県,2013,米国,7987,1031,2582,2771,1603
茨城県,2013,オーストラリア,2197,248,0,1032,917
東京都,2014,韓国,797458,185167,176578,215306,220407
東京都,2014,中国,1624385,307447,358746,554610,403582
東京都,2014,台湾,1101925,237656,301313,301781,261175
東京都,2014,香港,360613,75076,97933,89992,97612
東京都,2014,ベトナム,71813,12850,19956,19134,19873
東京都,2014,タイ,365826,61423,116455,56291,131657
東京都,2014,シンガポール,148454,23867,39293,24132,61162
東京都,2014,マレーシア,138885,24811,32070,25929,56075
東京都,2014,フィリピン,104267,14164,32010,19719,38374
東京都,2014,インドネシア,101411,16464,31940,22427,30580
東京都,2014,インド,51411,11921,14643,12691,12156
東京都,2014,英国,181319,37195,47360,46360,50404
東京都,2014,フランス,140018,22898,38486,40123,38511
東京都,2014,ドイツ,95033,19018,25796,23980,26239
東京都,2014,ロシア,42861,9187,11611,11877,10186
東京都,2014,カナダ,142583,31470,35703,35687,39723
東京都,2014,米国,607617,128122,181661,140535,157299
東京都,2014,オーストラリア,219308,51890,51338,48062,68018
神奈川県,2014,韓国,166973,43650,36354,35342,51627
神奈川県,2014,中国,514890,91043,130815,178992,114040
神奈川県,2014,台湾,242155,48466,70407,68648,54634
神奈川県,2014,香港,56801,13213,12572,16614,14402
神奈川県,2014,ベトナム,19320,2570,7483,4920,4347
神奈川県,2014,タイ,77109,16752,24455,16083,19819
神奈川県,2014,シンガポール,39957,5814,6634,4888,22621
神奈川県,2014,マレーシア,29688,7511,9257,3268,9652
神奈川県,2014,フィリピン,32116,5527,10930,4695,10964
神奈川県,2014,インドネシア,19290,4038,4331,5071,5850
神奈川県,2014,インド,20169,3909,7016,5192,4052
神奈川県,2014,英国,40753,6530,11690,12019,10514
神奈川県,2014,フランス,38398,5725,14747,9288,8638
神奈川県,2014,ドイツ,25537,5852,7609,5819,6257
神奈川県,2014,ロシア,9530,1413,2732,2375,3010
神奈川県,2014,カナダ,32907,5985,9129,8420,9373
神奈川県,2014,米国,162556,28589,50970,43672,39325
神奈川県,2014,オーストラリア,30738,4771,9457,4143,12367
千葉県,2014,韓国,126371,26649,28764,37202,33756
千葉県,2014,中国,483025,83385,103856,191336,104448
千葉県,2014,台湾,386417,72406,127188,114867,71956
千葉県,2014,香港,53492,13213,12572,17306,10401
千葉県,2014,ベトナム,18103,2998,6236,3280,5589
千葉県,2014,タイ,84675,11866,29114,11135,32560
千葉県,2014,シンガポール,25906,5814,5613,2749,11730
千葉県,2014,マレーシア,42735,9332,12233,3704,17466
千葉県,2014,フィリピン,32992,4836,10149,7043,10964
千葉県,2014,インドネシア,29547,4970,11369,6826,6382
千葉県,2014,インド,10390,1563,3051,3750,2026
千葉県,2014,英国,22607,5963,4496,6582,5566
千葉県,2014,フランス,11890,1363,4676,2972,2879
千葉県,2014,ドイツ,8543,1788,2041,2292,2422
千葉県,2014,ロシア,8209,2120,2277,1728,2084
千葉県,2014,カナダ,26602,5406,7303,5413,8480
千葉県,2014,米国,98289,18001,30712,22956,26620
千葉県,2014,オーストラリア,42940,15507,8556,5386,13491
埼玉県,2014,韓国,36917,14244,6392,8835,7446
埼玉県,2014,中国,58541,12763,15012,19398,11368
埼玉県,2014,台湾,37810,4671,12870,14273,5996
埼玉県,2014,香港,7494,1201,3309,1384,1600
埼玉県,2014,ベトナム,5574,1285,3742,547,0
埼玉県,2014,タイ,14106,0,3494,4949,5663
埼玉県,2014,シンガポール,3614,306,1021,611,1676
埼玉県,2014,マレーシア,3573,0,1322,872,1379
埼玉県,2014,フィリピン,6259,1727,3123,1409,0
埼玉県,2014,インドネシア,4855,932,1353,975,1595
埼玉県,2014,インド,3267,586,1525,577,579
埼玉県,2014,英国,5323,852,2398,1145,928
埼玉県,2014,フランス,3755,818,1079,1858,0
埼玉県,2014,ドイツ,3229,975,742,705,807
埼玉県,2014,ロシア,872,177,0,0,695
埼玉県,2014,カナダ,3485,193,1420,1203,669
埼玉県,2014,米国,19344,5824,5881,2799,4840
埼玉県,2014,オーストラリア,3862,1193,450,1657,562
群馬県,2014,韓国,13356,2757,3995,5115,1489
群馬県,2014,中国,17952,4822,2451,9258,1421
群馬県,2014,台湾,24721,2920,8328,7477,5996
群馬県,2014,香港,2893,601,0,692,1600
群馬県,2014,ベトナム,1171,0,624,547,0
群馬県,2014,タイ,2114,698,0,0,1416
群馬県,2014,シンガポール,917,306,0,611,0
群馬県,2014,マレーシア,2383,455,331,218,1379
群馬県,2014,フィリピン,3067,1036,1561,470,0
群馬県,2014,インドネシア,2421,155,812,390,1064
群馬県,2014,インド,483,195,0,288,0
群馬県,2014,英国,3203,1136,899,859,309
群馬県,2014,フランス,2432,273,719,0,1440
群馬県,2014,ドイツ,1915,813,371,529,202
群馬県,2014,ロシア,232,0,0,0,232
群馬県,2014,カナダ,1433,0,609,601,223
群馬県,2014,米国,10785,2118,3267,560,4840
群馬県,2014,オーストラリア,3519,1789,901,829,0
山梨県,2014,韓国,16348,1838,3595,7440,3475
山梨県,2014,中国,293465,67786,63110,92582,69987
山梨県,2014,台湾,98887,16934,33311,33984,14658
山梨県,2014,香港,25378,6006,8602,2769,8001
山梨県,2014,ベトナム,4291,857,1247,2187,0
山梨県,2014,タイ,70535,16054,34936,6804,12741
山梨県,2014,シンガポール,19132,4590,3572,916,10054
山梨県,2014,マレーシア,14075,4325,1984,872,6894
山梨県,2014,フィリピン,10776,1382,781,2348,6265
山梨県,2014,インドネシア,10566,1553,5414,2535,1064
山梨県,2014,インド,3337,977,915,577,868
山梨県,2014,英国,7991,852,2398,2576,2165
山梨県,2014,フランス,7747,1908,1798,2601,1440
山梨県,2014,ドイツ,3907,163,1299,1234,1211
山梨県,2014,ロシア,1645,530,683,432,0
山梨県,2014,カナダ,7261,1158,1420,2005,2678
山梨県,2014,米国,22883,1059,8495,7279,6050
山梨県,2014,オーストラリア,11503,3579,3603,2072,2249
栃木県,2014,韓国,12163,1838,3595,3255,3475
栃木県,2014,中国,40922,8509,9497,11903,11013
栃木県,2014,台湾,55852,5255,20441,8836,21320
栃木県,2014,香港,3416,601,1323,692,800
栃木県,2014,ベトナム,2763,428,0,1093,1242
栃木県,2014,タイ,28947,2792,4658,3093,18404
栃木県,2014,シンガポール,3818,306,1531,305,1676
栃木県,2014,マレーシア,7312,2731,1653,1089,1839
栃木県,2014,フィリピン,2973,0,781,1409,783
栃木県,2014,インドネシア,3821,155,812,195,2659
栃木県,2014,インド,3828,586,1220,1154,868
栃木県,2014,英国,11585,1988,3597,2289,3711
栃木県,2014,フランス,11224,1090,3597,1858,4679
栃木県,2014,ドイツ,5675,650,2227,1587,1211
栃木県,2014,ロシア,2937,0,1594,648,695
栃木県,2014,カナダ,7095,1351,1217,1403,3124
栃木県,2014,米国,28944,4235,7841,8398,8470
栃木県,2014,オーストラリア,9148,1193,1801,1657,4497
茨城県,2014,韓国,24640,5054,4794,8835,5957
茨城県,2014,中国,36750,7374,8578,10140,10658
茨城県,2014,台湾,26693,2920,8328,6117,9328
茨城県,2014,香港,800,0,0,0,800
茨城県,2014,ベトナム,2145,428,624,1093,0
茨城県,2014,タイ,10401,3490,1165,4330,1416
茨城県,2014,シンガポール,1959,0,510,611,838
茨城県,2014,マレーシア,5425,683,1984,0,2758
茨城県,2014,フィリピン,2725,691,781,470,783
茨城県,2014,インドネシア,3565,777,271,390,2127
茨城県,2014,インド,2071,0,915,577,579
茨城県,2014,英国,5062,1136,1499,572,1855
茨城県,2014,フランス,3349,818,719,372,1440
茨城県,2014,ドイツ,1961,488,742,529,202
茨城県,2014,ロシア,1044,353,228,0,463
茨城県,2014,カナダ,1822,772,203,401,446
茨城県,2014,米国,14255,2647,4574,2799,4235
茨城県,2014,オーストラリア,3746,596,901,0,2249
東京都,2015,韓国,1122518,260159,262152,298708,301499
東京都,2015,中国,3451918,631874,868573,1202172,749299
東京都,2015,台湾,1337152,307290,373216,355243,301403
東京都,2015,香港,463097,107112,110271,121028,124686
東京都,2015,ベトナム,120235,24153,36241,30887,28954
東京都,2015,タイ,460963,106308,155958,59039,139658
東京都,2015,シンガポール,233674,36211,62362,39257,95844
東京都,2015,マレーシア,157213,28288,40407,22042,66476
東京都,2015,フィリピン,163144,33473,51196,25780,52695
東京都,2015,インドネシア,158888,26357,48586,37862,46083
東京都,2015,インド,62717,13460,18341,13642,17274
東京都,2015,英国,231805,50249,57393,62948,61215
東京都,2015,フランス,185099,30981,52134,53395,48589
東京都,2015,ドイツ,125525,27456,31340,31433,35296
東京都,2015,スペイン,70147,10235,14769,29052,16091
東京都,2015,イタリア,86607,13716,21746,29188,21957
東京都,2015,ロシア,36436,7246,9395,8888,10907
東京都,2015,カナダ,180190,39078,47938,40263,52911
東京都,2015,米国,700784,133039,207550,169506,190689
東京都,2015,オーストラリア,305521,77948,66257,66054,95262
神奈川県,2015,韓国,168170,43847,41656,38882,43785
神奈川県,2015,中国,980893,158420,276475,329333,216665
神奈川県,2015,台湾,261530,53157,69615,80861,57897
神奈川県,2015,香港,73591,11643,17411,21262,23275
神奈川県,2015,ベトナム,42832,14207,14692,7315,6618
神奈川県,2015,タイ,78392,21784,21594,8828,26186
神奈川県,2015,シンガポール,32774,8356,5980,2726,15712
神奈川県,2015,マレーシア,24049,4182,7539,3306,9022
神奈川県,2015,フィリピン,35547,9811,10939,5055,9742
神奈川県,2015,インドネシア,17826,3032,6676,5755,2363
神奈川県,2015,インド,17755,3458,4344,4244,5709
神奈川県,2015,英国,40236,7419,8628,10491,13698
神奈川県,2015,フランス,44018,7390,14580,11666,10382
神奈川県,2015,ドイツ,22819,4529,6132,6787,5371
神奈川県,2015,スペイン,18707,1402,4642,7662,5001
神奈川県,2015,イタリア,14704,2096,2116,7070,3422
神奈川県,2015,ロシア,8908,1787,3416,1732,1973
神奈川県,2015,カナダ,29847,3147,10653,8908,7139
神奈川県,2015,米国,165480,32234,50125,37929,45192
神奈川県,2015,オーストラリア,34427,4134,9015,8097,13181
千葉県,2015,韓国,699754,158580,168588,188630,183956
千葉県,2015,中国,2718577,536099,719325,924500,538653
千葉県,2015,台湾,1157094,256318,320038,312541,268197
千葉県,2015,香港,370349,84991,84154,98131,103073
千葉県,2015,ベトナム,103664,19890,36241,25197,22336
千葉県,2015,タイ,412261,97594,137963,50762,125942
千葉県,2015,シンガポール,157617,26741,35025,26717,69134
千葉県,2015,マレーシア,177225,32716,43121,30638,70750
千葉県,2015,フィリピン,144302,27991,46820,26538,42953
千葉県,2015,インドネシア,125267,24024,38201,28775,34267
千葉県,2015,インド,87924,19388,24776,21070,22690
千葉県,2015,英国,181368,40469,43139,48959,48801
千葉県,2015,フランス,135651,23307,39321,38139,34884
千葉県,2015,ドイツ,78266,15285,20780,20717,21484
千葉県,2015,スペイン,58434,7851,10127,24582,15874
千葉県,2015,イタリア,77161,11335,17867,26287,21672
千葉県,2015,ロシア,50749,10720,12597,13160,14272
千葉県,2015,カナダ,163671,34620,51134,36344,41573
千葉県,2015,米国,881050,183734,249060,213477,234779
千葉県,2015,オーストラリア,311498,93301,66708,62218,89271
埼玉県,2015,韓国,41674,9500,12431,9458,10285
埼玉県,2015,中国,86974,18071,20389,31211,17303
埼玉県,2015,台湾,26372,2913,6768,8177,8514
埼玉県,2015,香港,5702,1164,2902,1636,0
埼玉県,2015,ベトナム,9091,710,979,2438,4964
埼玉県,2015,タイ,25306,2614,7198,5518,9976
埼玉県,2015,シンガポール,4553,557,854,0,3142
埼玉県,2015,マレーシア,2677,984,302,441,950
埼玉県,2015,フィリピン,7453,1731,2625,1769,1328
埼玉県,2015,インドネシア,7569,700,1113,1817,3939
埼玉県,2015,インド,2334,617,965,606,146
埼玉県,2015,英国,5092,674,2251,1311,856
埼玉県,2015,フランス,3205,568,1325,897,415
埼玉県,2015,ドイツ,4744,1132,1363,714,1535
埼玉県,2015,スペイン,1020,701,0,319,0
埼玉県,2015,イタリア,1031,95,470,181,285
埼玉県,2015,ロシア,1584,596,641,115,232
埼玉県,2015,カナダ,2982,787,1775,0,420
埼玉県,2015,米国,16135,3223,5482,3021,4409
埼玉県,2015,オーストラリア,5149,1772,901,1278,1198
群馬県,2015,韓国,12911,2436,3271,3678,3526
群馬県,2015,中国,20857,5421,4893,7534,3009
群馬県,2015,台湾,25892,5097,9669,909,10217
群馬県,2015,香港,3493,3493,0,0,0
群馬県,2015,ベトナム,827,0,0,0,827
群馬県,2015,タイ,3318,871,1200,0,1247
群馬県,2015,シンガポール,2128,557,0,0,1571
群馬県,2015,マレーシア,2757,984,603,220,950
群馬県,2015,フィリピン,4251,1154,0,1769,1328
群馬県,2015,インドネシア,1534,466,371,303,394
群馬県,2015,インド,269,123,0,0,146
群馬県,2015,英国,2689,1012,375,874,428
群馬県,2015,フランス,2058,284,1325,449,0
群馬県,2015,ドイツ,1857,1132,341,0,384
群馬県,2015,スペイン,0,0,0,0,0
群馬県,2015,イタリア,238,95,0,0,143
群馬県,2015,ロシア,223,0,107,0,116
群馬県,2015,カナダ,2170,262,355,713,840
群馬県,2015,米国,7354,1465,2741,1678,1470
群馬県,2015,オーストラリア,2206,1181,0,426,599
山梨県,2015,韓国,22395,3410,4144,8670,6171
山梨県,2015,中国,770831,110834,221017,271215,167765
山梨県,2015,台湾,116390,21117,32874,44519,17880
山梨県,2015,香港,36301,8150,11607,4907,11637
山梨県,2015,ベトナム,25214,710,14692,6503,3309
山梨県,2015,タイ,95477,21784,41989,5518,26186
山梨県,2015,シンガポール,12513,557,5126,545,6285
山梨県,2015,マレーシア,16550,2214,3619,2645,8072
山梨県,2015,フィリピン,15524,2886,6126,2527,3985
山梨県,2015,インドネシア,23402,2566,8901,8784,3151
山梨県,2015,インド,3156,370,1448,606,732
山梨県,2015,英国,9987,1349,3001,3497,2140
山梨県,2015,フランス,11564,1137,2651,4038,3738
山梨県,2015,ドイツ,6031,283,2044,1786,1918
山梨県,2015,スペイン,2171,280,281,958,652
山梨県,2015,イタリア,2164,95,1175,181,713
山梨県,2015,ロシア,1871,199,747,577,348
山梨県,2015,カナダ,9843,1049,3551,3563,1680
山梨県,2015,米国,26291,3223,9007,6713,7348
山梨県,2015,オーストラリア,16488,591,3155,2557,10185
栃木県,2015,韓国,19382,1949,7415,4729,5289
栃木県,2015,中国,43869,10240,6524,15068,12037
栃木県,2015,台湾,43352,3641,16437,4543,18731
栃木県,2015,香港,6125,1164,0,1636,3325
栃木県,2015,ベトナム,6455,2841,1959,0,1655
栃木県,2015,タイ,48990,4357,9597,3862,31174
栃木県,2015,シンガポール,2982,557,854,0,1571
栃木県,2015,マレーシア,3375,246,603,1102,1424
栃木県,2015,フィリピン,1773,577,438,758,0
栃木県,2015,インドネシア,5702,0,1854,303,3545
栃木県,2015,インド,4692,988,1770,909,1025
栃木県,2015,英国,8422,1686,1125,2186,3425
栃木県,2015,フランス,12339,1137,3976,2243,4983
栃木県,2015,ドイツ,6819,1415,681,3572,1151
栃木県,2015,スペイン,5138,701,985,1277,2175
栃木県,2015,イタリア,5344,286,705,2357,1996
栃木県,2015,ロシア,2424,298,854,808,464
栃木県,2015,カナダ,7918,0,3196,1782,2940
栃木県,2015,米国,33199,5275,9790,6377,11757
栃木県,2015,オーストラリア,6528,0,2254,1278,2996
茨城県,2015,韓国,15838,3898,4580,2364,4996
茨城県,2015,中国,57939,12650,5709,21525,18055
茨城県,2015,台湾,11506,2185,5801,1817,1703
茨城県,2015,香港,1451,0,1451,0,0
茨城県,2015,ベトナム,6122,2841,0,1626,1655
茨城県,2015,タイ,14655,2614,3599,2207,6235
茨城県,2015,シンガポール,1709,0,1709,0,0
茨城県,2015,マレーシア,4113,984,603,1102,1424
茨城県,2015,フィリピン,4783,577,2625,253,1328
茨城県,2015,インドネシア,6875,1399,1113,1212,3151
茨城県,2015,インド,1261,494,322,152,293
茨城県,2015,英国,5997,1349,750,2186,1712
茨城県,2015,フランス,1972,284,442,0,1246
茨城県,2015,ドイツ,2654,849,681,357,767
茨城県,2015,スペイン,536,0,0,319,217
茨城県,2015,イタリア,1169,286,235,363,285
茨城県,2015,ロシア,1206,298,214,462,232
茨城県,2015,カナダ,3762,787,710,1425,840
茨城県,2015,米国,9506,3809,1175,2685,1837
茨城県,2015,オーストラリア,2042,591,0,852,599
東京都,2016,韓国,1168225,344600,234169,307498,281958
東京都,2016,中国,3777362,892833,911364,1217988,755177
東京都,2016,台湾,1422673,363879,397583,364642,296569
東京都,2016,香港,619024,145934,147327,166859,158904
東京都,2016,ベトナム,143494,34620,43586,30368,34920
東京都,2016,タイ,489598,129839,133161,65962,160636
東京都,2016,シンガポール,254932,51303,69300,40984,93345
東京都,2016,マレーシア,169633,35697,43364,28760,61812
東京都,2016,フィリピン,200087,43440,60823,32949,62875
東京都,2016,インドネシア,209750,42236,61587,41285,64642
東京都,2016,インド,73032,16442,23292,15924,17374
東京都,2016,英国,267228,64519,65988,65178,71543
東京都,2016,フランス,221825,39458,66927,60598,54842
東京都,2016,ドイツ,147511,32347,39196,35414,40554
東京都,2016,スペイン,80613,12502,16150,32984,18977
東京都,2016,イタリア,101353,17240,27169,34486,22458
東京都,2016,ロシア,36111,7557,9442,7791,11321
東京都,2016,カナダ,221103,48639,55206,53363,63895
東京都,2016,米国,867692,158804,243956,210586,254346
東京都,2016,オーストラリア,375182,102897,87403,76376,108506
神奈川県,2016,韓国,157305,38250,38649,34166,46240
神奈川県,2016,中国,988192,210022,263626,319086,195458
神奈川県,2016,台湾,241104,73709,51301,66666,49428
神奈川県,2016,香港,78195,17797,24830,22003,13565
神奈川県,2016,ベトナム,29592,9442,7472,5694,6984
神奈川県,2016,タイ,88175,20388,32662,11993,23132
神奈川県,2016,シンガポール,34868,2332,9625,6350,16561
神奈川県,2016,マレーシア,24158,6490,6086,3494,8088
神奈川県,2016,フィリピン,33819,7447,6758,6467,13147
神奈川県,2016,インドネシア,27867,5324,7932,4750,9861
神奈川県,2016,インド,19904,4148,7265,4104,4387
神奈川県,2016,英国,50511,9217,11915,12686,16693
神奈川県,2016,フランス,36491,8532,10173,8796,8990
神奈川県,2016,ドイツ,24627,3235,9106,5059,7227
神奈川県,2016,スペイン,18134,2725,4475,6453,4481
神奈川県,2016,イタリア,18234,2194,4528,6700,4812
神奈川県,2016,ロシア,8250,1814,1660,2304,2472
神奈川県,2016,カナダ,38216,2791,11283,7200,16942
神奈川県,2016,米国,204583,34937,62529,53871,53246
神奈川県,2016,オーストラリア,41078,4200,10659,10436,15783
千葉県,2016,韓国,725410,207595,145251,192820,179744
千葉県,2016,中国,2711539,663631,683781,879037,485090
千葉県,2016,台湾,1268381,313496,361245,322219,271421
千葉県,2016,香港,495621,117459,110909,139355,127898
千葉県,2016,ベトナム,123350,30424,33624,30368,28934
千葉県,2016,タイ,436419,113744,123111,64630,134934
千葉県,2016,シンガポール,172321,35757,46200,27130,63234
千葉県,2016,マレーシア,207081,48317,51733,36554,70477
千葉県,2016,フィリピン,178958,40958,55192,30794,52014
千葉県,2016,インドネシア,128942,28749,34993,27401,37799
千葉県,2016,インド,104505,22812,32266,23805,25622
千葉県,2016,英国,190530,44768,49949,48118,47695
千葉県,2016,フランス,142254,26306,44975,38607,32366
千葉県,2016,ドイツ,89427,19408,25339,21793,22887
千葉県,2016,スペイン,72649,12021,14593,26531,19504
千葉県,2016,イタリア,96674,16090,23955,31925,24704
千葉県,2016,ロシア,50546,11083,12140,12619,14704
千葉県,2016,カナダ,184398,42260,48356,44892,48890
千葉県,2016,米国,1026434,215267,309800,256702,244665
千葉県,2016,オーストラリア,344705,109197,78343,66414,90751
埼玉県,2016,韓国,31488,8346,9094,7442,6606
埼玉県,2016,中国,77792,26852,20596,22348,7996
埼玉県,2016,台湾,63806,14928,22444,9091,17343
埼玉県,2016,香港,17546,3559,8277,1834,3876
埼玉県,2016,ベトナム,4093,2098,0,0,1995
埼玉県,2016,タイ,17941,4292,2512,5997,5140
埼玉県,2016,シンガポール,4427,0,3850,577,0
埼玉県,2016,マレーシア,6675,2163,2282,1075,1155
埼玉県,2016,フィリピン,10181,2482,2816,4311,572
埼玉県,2016,インドネシア,7030,1775,2333,731,2191
埼玉県,2016,インド,3267,889,855,821,702
埼玉県,2016,英国,2711,1317,917,0,477
埼玉県,2016,フランス,8356,711,1606,2443,3596
埼玉県,2016,ドイツ,3050,1078,792,778,402
埼玉県,2016,スペイン,359,0,0,359,0
埼玉県,2016,イタリア,1768,418,438,591,321
埼玉県,2016,ロシア,2051,202,519,549,781
埼玉県,2016,カナダ,4966,1196,2015,1271,484
埼玉県,2016,米国,13412,3882,2369,4081,3080
埼玉県,2016,オーストラリア,2407,1400,533,474,0
群馬県,2016,韓国,9843,1391,3284,1691,3477
群馬県,2016,中国,25996,6713,7209,4966,7108
群馬県,2016,台湾,50113,8397,18169,7071,16476
群馬県,2016,香港,16331,1780,4966,1834,7751
群馬県,2016,ベトナム,4289,1049,1245,0,1995
群馬県,2016,タイ,14669,3219,5025,0,6425
群馬県,2016,シンガポール,2283,777,0,0,1506
群馬県,2016,マレーシア,1822,1442,380,0,0
群馬県,2016,フィリピン,6177,1241,2253,1540,1143
群馬県,2016,インドネシア,1065,1065,0,0,0
群馬県,2016,インド,1605,148,427,328,702
群馬県,2016,英国,2249,439,458,875,477
群馬県,2016,フランス,2223,711,535,977,0
群馬県,2016,ドイツ,3132,359,0,1167,1606
群馬県,2016,スペイン,264,0,0,0,264
群馬県,2016,イタリア,841,104,146,591,0
群馬県,2016,ロシア,785,202,104,219,260
群馬県,2016,カナダ,3313,1196,1209,424,484
群馬県,2016,米国,8671,706,3316,2449,2200
群馬県,2016,オーストラリア,700,700,0,0,0
山梨県,2016,韓国,18291,5216,3537,7104,2434
山梨県,2016,中国,859761,207145,181243,314119,157254
山梨県,2016,台湾,118471,25192,32063,40404,20812
山梨県,2016,香港,25370,3559,6621,5501,9689
山梨県,2016,ベトナム,16506,1049,8717,4745,1995
山梨県,2016,タイ,81271,10731,22612,10661,37267
山梨県,2016,シンガポール,16702,6219,4812,1154,4517
山梨県,2016,マレーシア,15771,2885,3804,2150,6932
山梨県,2016,フィリピン,13319,2482,4505,616,5716
山梨県,2016,インドネシア,21839,3194,9331,2192,7122
山梨県,2016,インド,1693,296,214,657,526
山梨県,2016,英国,11660,878,2750,6124,1908
山梨県,2016,フランス,12660,1777,3748,4887,2248
山梨県,2016,ドイツ,4656,719,1188,1946,803
山梨県,2016,スペイン,3285,481,389,2151,264
山梨県,2016,イタリア,3049,313,1022,591,1123
山梨県,2016,ロシア,1462,302,311,329,520
山梨県,2016,カナダ,12030,399,5641,2118,3872
山梨県,2016,米国,26442,3176,3790,9795,9681
山梨県,2016,オーストラリア,15669,1400,4264,4744,5261
栃木県,2016,韓国,14478,2086,2779,4398,5215
栃木県,2016,中国,40240,9590,7209,7449,15992
栃木県,2016,台湾,78349,12129,27788,8081,30351
栃木県,2016,香港,9145,1780,1655,1834,3876
栃木県,2016,ベトナム,3893,0,0,1898,1995
栃木県,2016,タイ,60767,7511,12562,5997,34697
栃木県,2016,シンガポール,8367,0,3850,0,4517
栃木県,2016,マレーシア,8154,2163,1141,806,4044
栃木県,2016,フィリピン,3757,0,1690,924,1143
栃木県,2016,インドネシア,4991,1420,467,365,2739
栃木県,2016,インド,5632,889,1709,1806,1228
栃木県,2016,英国,14118,3511,5041,1750,3816
栃木県,2016,フランス,12936,2488,4819,2932,2697
栃木県,2016,ドイツ,9406,719,792,4281,3614
栃木県,2016,スペイン,7516,481,1362,2510,3163
栃木県,2016,イタリア,6701,731,1753,1971,2246
栃木県,2016,ロシア,1613,302,311,219,781
栃木県,2016,カナダ,5148,1196,806,1694,1452
栃木県,2016,米国,16625,2117,5211,4897,4400
栃木県,2016,オーストラリア,12406,2100,1066,3321,5919
茨城県,2016,韓国,12234,2086,2273,4398,3477
茨城県,2016,中国,48972,19180,11328,8691,9773
茨城県,2016,台湾,21552,3732,6413,7071,4336
茨城県,2016,香港,5427,0,1655,1834,1938
茨城県,2016,ベトナム,8938,3147,0,3796,1995
茨城県,2016,タイ,25171,5365,10050,3331,6425
茨城県,2016,シンガポール,9894,2332,963,577,6022
茨城県,2016,マレーシア,3175,721,761,538,1155
茨城県,2016,フィリピン,6018,827,2816,1232,1143
茨城県,2016,インドネシア,5964,2839,933,2192,0
茨城県,2016,インド,3091,741,1496,328,526
茨城県,2016,英国,8007,2195,2750,3062,0
茨城県,2016,フランス,1246,711,535,0,0
茨城県,2016,ドイツ,4315,719,396,389,2811
茨城県,2016,スペイン,2796,160,0,0,2636
茨城県,2016,イタリア,1261,313,146,0,802
茨城県,2016,ロシア,1457,504,104,329,520
茨城県,2016,カナダ,4306,797,0,2541,968
茨城県,2016,米国,13870,3882,5684,1224,3080
茨城県,2016,オーストラリア,4112,0,533,949,2630
東京都,2017,韓国,1530939,345337,388635,389539,407428
東京都,2017,中国,4211792,987684,905943,1352576,965589
東京都,2017,台湾,1487756,360848,403456,390386,333066
東京都,2017,香港,729945,171973,203632,183325,171015
東京都,2017,ベトナム,201284,44765,57183,48448,50888
東京都,2017,タイ,551312,141041,157826,72213,180232
東京都,2017,シンガポール,275472,52900,74539,42608,105425
東京都,2017,マレーシア,175591,40355,46307,23225,65704
東京都,2017,フィリピン,235383,51596,80070,36665,67052
東京都,2017,インドネシア,284751,64181,88974,44096,87500
東京都,2017,インド,80981,17780,25696,17202,20303
東京都,2017,英国,293556,65868,78909,71194,77585
東京都,2017,フランス,232909,41768,73055,63947,54139
東京都,2017,ドイツ,160437,33621,47255,39223,40338
東京都,2017,スペイン,85968,10970,21980,29997,23021
東京都,2017,イタリア,103863,17817,30818,29179,26049
東京都,2017,ロシア,52974,11501,14619,10097,16757
東京都,2017,カナダ,247769,56102,68803,55415,67449
東京都,2017,米国,1053497,209625,316580,246996,280296
東京都,2017,オーストラリア,425404,122763,105267,82548,114826
神奈川県,2017,韓国,195601,30964,59076,49894,55667
神奈川県,2017,中国,871504,211034,202022,278344,180104
神奈川県,2017,台湾,254444,57582,73039,62896,60927
神奈川県,2017,香港,105226,16292,33939,26828,28167
神奈川県,2017,ベトナム,44969,7068,18584,9690,9627
神奈川県,2017,タイ,82743,18650,27391,14173,22529
神奈川県,2017,シンガポール,47682,4737,15141,5992,21812
神奈川県,2017,マレーシア,23423,7221,3932,5253,7017
神奈川県,2017,フィリピン,34022,8973,14172,4719,6158
神奈川県,2017,インドネシア,37700,5191,13902,7669,10938
神奈川県,2017,インド,27282,6567,8641,5983,6091
神奈川県,2017,英国,67685,8962,25271,15982,17470
神奈川県,2017,フランス,50480,6340,16652,17733,9755
神奈川県,2017,ドイツ,29542,5604,11814,4639,7485
神奈川県,2017,スペイン,19587,1082,5784,7605,5116
神奈川県,2017,イタリア,19333,3209,4510,6878,4736
神奈川県,2017,ロシア,10523,1816,3249,2142,3316
神奈川県,2017,カナダ,42911,7124,12836,9461,13490
神奈川県,2017,米国,236094,40750,82888,46844,65612
神奈川県,2017,オーストラリア,66797,11692,21053,16610,17442
千葉県,2017,韓国,1001626,210729,237147,268695,285055
千葉県,2017,中国,2778845,611678,577657,948108,641402
千葉県,2017,台湾,1359395,309024,384906,356770,308695
千葉県,2017,香港,609872,150251,167430,145319,146872
千葉県,2017,ベトナム,159791,34162,41458,42911,41260
千葉県,2017,タイ,497821,121225,142174,72213,162209
千葉県,2017,シンガポール,195923,41846,54740,26630,72707
千葉県,2017,マレーシア,194307,47152,50676,30137,66342
千葉県,2017,フィリピン,200336,42175,66607,33397,58157
千葉県,2017,インドネシア,163250,36338,47267,28375,51270
千葉県,2017,インド,114798,25148,34109,27486,28055
千葉県,2017,英国,190920,43016,50543,46494,50867
千葉県,2017,フランス,138229,27597,40825,37616,32191
千葉県,2017,ドイツ,85185,20546,20252,21931,22456
千葉県,2017,スペイン,81829,10815,20823,28307,21884
千葉県,2017,イタリア,104102,17595,29690,30429,26388
千葉県,2017,ロシア,68369,13801,18192,15605,20771
千葉県,2017,カナダ,191418,49869,50319,45053,46177
千葉県,2017,米国,974431,203356,289307,233795,247973
千葉県,2017,オーストラリア,337504,96457,83595,64428,93024
埼玉県,2017,韓国,33835,7311,10127,8239,8158
埼玉県,2017,中国,78843,24639,14731,17396,22077
埼玉県,2017,台湾,50434,4799,17390,13013,15232
埼玉県,2017,香港,8097,1810,2263,0,4024
埼玉県,2017,ベトナム,9368,2356,2859,4153,0
埼玉県,2017,タイ,13590,3497,5217,3374,1502
埼玉県,2017,シンガポール,5091,790,0,666,3635
埼玉県,2017,マレーシア,5883,0,1311,1382,3190
埼玉県,2017,フィリピン,10047,2692,709,2541,4105
埼玉県,2017,インドネシア,6018,1416,2085,1150,1367
埼玉県,2017,インド,3275,1442,910,0,923
埼玉県,2017,英国,5311,1344,1031,2422,514
埼玉県,2017,フランス,6134,373,3223,1075,1463
埼玉県,2017,ドイツ,3176,1494,422,844,416
埼玉県,2017,スペイン,464,464,0,0,0
埼玉県,2017,イタリア,1463,332,376,417,338
埼玉県,2017,ロシア,2348,484,487,1377,0
埼玉県,2017,カナダ,2840,0,0,1802,1038
埼玉県,2017,米国,16895,2743,4813,5962,3377
埼玉県,2017,オーストラリア,4932,731,1238,1510,1453
群馬県,2017,韓国,8375,2150,2954,1831,1440
群馬県,2017,中国,17930,10712,3157,2899,1162
群馬県,2017,台湾,31511,11516,2319,6506,11170
群馬県,2017,香港,11489,7241,0,2236,2012
群馬県,2017,ベトナム,4198,0,1430,2768,0
群馬県,2017,タイ,15011,3497,1304,2700,7510
群馬県,2017,シンガポール,2245,1579,0,666,0
群馬県,2017,マレーシア,1287,850,437,0,0
群馬県,2017,フィリピン,3919,449,1417,0,2053
群馬県,2017,インドネシア,3229,472,1390,0,1367
群馬県,2017,インド,1323,641,682,0,0
群馬県,2017,英国,2028,0,516,484,1028
群馬県,2017,フランス,373,373,0,0,0
群馬県,2017,ドイツ,1682,0,1266,0,416
群馬県,2017,スペイン,706,0,0,422,284
群馬県,2017,イタリア,695,0,188,0,507
群馬県,2017,ロシア,283,121,162,0,0
群馬県,2017,カナダ,2378,445,513,901,519
群馬県,2017,米国,4954,1959,1604,426,965
群馬県,2017,オーストラリア,3316,731,1858,0,727
山梨県,2017,韓国,16934,3440,4642,5493,3359
山梨県,2017,中国,862644,172470,178874,287042,224258
山梨県,2017,台湾,161169,44146,45215,43376,28432
山梨県,2017,香港,64193,5431,15838,26828,16096
山梨県,2017,ベトナム,26217,3534,17155,4153,1375
山梨県,2017,タイ,113705,25644,41739,8774,37548
山梨県,2017,シンガポール,22355,3948,4659,4660,9088
山梨県,2017,マレーシア,27097,7646,7863,1382,10206
山梨県,2017,フィリピン,26695,4038,14880,4356,3421
山梨県,2017,インドネシア,30516,7079,9732,3451,10254
山梨県,2017,インド,4497,481,1592,1870,554
山梨県,2017,英国,14455,1344,4642,4359,4110
山梨県,2017,フランス,10706,746,5372,2149,2439
山梨県,2017,ドイツ,7455,747,2953,844,2911
山梨県,2017,スペイン,1723,155,578,422,568
山梨県,2017,イタリア,4251,553,1315,1876,507
山梨県,2017,ロシア,3422,363,1137,1224,698
山梨県,2017,カナダ,16975,2226,6161,4956,3632
山梨県,2017,米国,44784,6269,17112,13202,8201
山梨県,2017,オーストラリア,28154,5846,8050,5537,8721
栃木県,2017,韓国,22135,3871,8017,6408,3839
栃木県,2017,中国,58654,8570,9470,28994,11620
栃木県,2017,台湾,74856,8637,17390,17350,31479
栃木県,2017,香港,32534,5431,4525,4471,18107
栃木県,2017,ベトナム,9610,1178,4289,2768,1375
栃木県,2017,タイ,43331,4663,10435,2700,25533
栃木県,2017,シンガポール,3649,0,1165,666,1818
栃木県,2017,マレーシア,6694,425,3058,1935,1276
栃木県,2017,フィリピン,4813,897,1417,1815,684
栃木県,2017,インドネシア,9943,472,2085,1917,5469
栃木県,2017,インド,4071,641,455,1683,1292
栃木県,2017,英国,9548,1344,3610,484,4110
栃木県,2017,フランス,15860,2238,5909,4299,3414
栃木県,2017,ドイツ,6575,1121,2953,422,2079
栃木県,2017,スペイン,7873,618,2024,2957,2274
栃木県,2017,イタリア,7593,221,2255,2918,2199
栃木県,2017,ロシア,2716,484,812,1071,349
栃木県,2017,カナダ,4449,0,1540,1352,1557
栃木県,2017,米国,26682,3918,10161,6814,5789
栃木県,2017,オーストラリア,14613,1461,1858,4027,7267
茨城県,2017,韓国,18054,3010,4642,3204,7198
茨城県,2017,中国,47738,10712,9470,21746,5810
茨城県,2017,台湾,23977,3839,3478,6506,10154
茨城県,2017,香港,1810,1810,0,0,0
茨城県,2017,ベトナム,2759,0,0,1384,1375
茨城県,2017,タイ,14325,4663,2609,4049,3004
茨城県,2017,シンガポール,666,0,0,666,0
茨城県,2017,マレーシア,4405,0,1747,1382,1276
茨城県,2017,フィリピン,8641,1346,1417,1089,4789
茨城県,2017,インドネシア,6441,472,2085,1150,2734
茨城県,2017,インド,2767,641,455,748,923
茨城県,2017,英国,4678,3137,0,0,1541
茨城県,2017,フランス,3428,1865,0,1075,488
茨城県,2017,ドイツ,5822,374,1688,1265,2495
茨城県,2017,スペイン,309,309,0,0,0
茨城県,2017,イタリア,1237,443,0,625,169
茨城県,2017,ロシア,1276,121,325,306,524
茨城県,2017,カナダ,4386,0,1027,1802,1557
茨城県,2017,米国,12537,1959,1070,4684,4824
茨城県,2017,オーストラリア,4360,0,0,0,4360
東京都,2018,韓国,1488194,427065,359351,344513,357265
東京都,2018,中国,4668636,1076247,1141643,1450026,1000720
東京都,2018,台湾,1496680,361070,418957,382322,334331
東京都,2018,香港,723701,168110,187622,193229,174740
東京都,2018,ベトナム,250017,46655,69518,64786,69058
東京都,2018,タイ,589814,142233,182561,90461,174559
東京都,2018,シンガポール,286763,52916,83625,45169,105053
東京都,2018,マレーシア,206686,45735,47276,29294,84381
東京都,2018,フィリピン,292962,65659,95158,46856,85289
東京都,2018,インドネシア,335072,69915,107254,54739,103164
東京都,2018,インド,100879,24609,29130,23922,23218
東京都,2018,英国,317047,76319,82825,73494,84409
東京都,2018,フランス,266725,48611,81384,71820,64910
東京都,2018,ドイツ,175795,40967,45862,42834,46132
東京都,2018,スペイン,117682,19155,26798,43317,28412
東京都,2018,イタリア,138953,24064,39679,45608,29602
東京都,2018,ロシア,72553,16421,17591,16184,22357
東京都,2018,カナダ,277609,64010,75023,64898,73678
東京都,2018,米国,1190658,242191,352172,275904,320391
東京都,2018,オーストラリア,473522,136638,116214,90430,130240
神奈川県,2018,韓国,201605,48375,65556,40490,47184
神奈川県,2018,中国,792364,172040,224279,231168,164877
神奈川県,2018,台湾,248018,58030,69677,66687,53624
神奈川県,2018,香港,98199,17391,26056,31859,22893
神奈川県,2018,ベトナム,41762,10729,12154,8827,10052
神奈川県,2018,タイ,74518,16740,26867,13038,17873
神奈川県,2018,シンガポール,36517,6454,10494,4583,14986
神奈川県,2018,マレーシア,35600,7737,3262,5188,19413
神奈川県,2018,フィリピン,52829,8939,18542,10900,14448
神奈川県,2018,インドネシア,35845,5207,11142,6686,12810
神奈川県,2018,インド,26792,3422,7483,3251,12636
神奈川県,2018,英国,63226,12069,19235,16789,15133
神奈川県,2018,フランス,49482,6804,17100,12779,12799
神奈川県,2018,ドイツ,36703,7303,10149,9332,9919
神奈川県,2018,スペイン,28639,3599,6332,9746,8962
神奈川県,2018,イタリア,17629,3176,2843,7333,4277
神奈川県,2018,ロシア,10776,353,4820,2520,3083
神奈川県,2018,カナダ,55242,9010,17121,14649,14462
神奈川県,2018,米国,248197,40742,79550,61613,66292
神奈川県,2018,オーストラリア,69811,10293,23176,13097,23245
千葉県,2018,韓国,1116100,313945,266722,265936,269497
千葉県,2018,中国,3001501,707781,756111,901180,636429
千葉県,2018,台湾,1362512,324234,384899,352949,300430
千葉県,2018,香港,636371,148024,162895,169951,155501
千葉県,2018,ベトナム,181921,31960,52606,48478,48877
千葉県,2018,タイ,551829,127295,168168,91997,164369
千葉県,2018,シンガポール,180940,33283,51186,27888,68583
千葉県,2018,マレーシア,184898,44152,49673,33489,57584
千葉県,2018,フィリピン,264238,59329,84927,41978,78004
千葉県,2018,インドネシア,184085,35500,61158,36892,50535
千葉県,2018,インド,129983,27703,38706,31984,31590
千葉県,2018,英国,198000,48251,52109,46841,50799
千葉県,2018,フランス,150152,27874,43396,44114,34768
千葉県,2018,ドイツ,93218,20374,23406,23975,25463
千葉県,2018,スペイン,118901,19864,26798,43317,28922
千葉県,2018,イタリア,150060,25577,40988,47868,35627
千葉県,2018,ロシア,90900,19542,24613,20402,26343
千葉県,2018,カナダ,189727,48770,48382,45812,46763
千葉県,2018,米国,981893,209832,289255,234239,248567
千葉県,2018,オーストラリア,374234,110543,90606,72791,100294
埼玉県,2018,韓国,39344,11373,10264,7589,10118
埼玉県,2018,中国,62816,16742,17233,17452,11389
埼玉県,2018,台湾,54188,14191,18599,12250,9148
埼玉県,2018,香港,14180,3461,4263,3580,2876
埼玉県,2018,ベトナム,12422,2856,5751,1903,1912
埼玉県,2018,タイ,22941,3440,6113,4947,8441
埼玉県,2018,シンガポール,4920,1086,1051,357,2426
埼玉県,2018,マレーシア,5152,683,2317,2152,0
埼玉県,2018,フィリピン,13460,2186,5033,1797,4444
埼玉県,2018,インドネシア,7221,1146,2442,977,2656
埼玉県,2018,インド,2298,0,1111,689,498
埼玉県,2018,英国,7459,1292,1614,2293,2260
埼玉県,2018,フランス,4841,1015,479,1725,1622
埼玉県,2018,ドイツ,3461,891,1172,530,868
埼玉県,2018,スペイン,902,0,442,460,0
埼玉県,2018,イタリア,2927,923,0,1467,537
埼玉県,2018,ロシア,1122,0,483,274,365
埼玉県,2018,カナダ,5511,799,1042,2187,1483
埼玉県,2018,米国,17416,3667,5735,5371,2643
埼玉県,2018,オーストラリア,5991,1686,2074,521,1710
群馬県,2018,韓国,12055,3376,2937,3308,2434
群馬県,2018,中国,24388,6328,5768,7432,4860
群馬県,2018,台湾,41942,12566,16965,7374,5037
群馬県,2018,香港,13567,3848,3492,2279,3948
群馬県,2018,ベトナム,4344,2808,778,537,221
群馬県,2018,タイ,8078,3376,612,1310,2780
群馬県,2018,シンガポール,3809,630,2178,0,1001
群馬県,2018,マレーシア,4299,1248,1204,1056,791
群馬県,2018,フィリピン,10775,0,2521,4680,3574
群馬県,2018,インドネシア,1349,704,327,0,318
群馬県,2018,インド,2053,1497,556,0,0
群馬県,2018,英国,518,0,0,518,0
群馬県,2018,フランス,1664,674,287,421,282
群馬県,2018,ドイツ,1636,380,382,523,351
群馬県,2018,スペイン,2371,0,0,920,1451
群馬県,2018,イタリア,2094,923,438,733,0
群馬県,2018,ロシア,907,424,483,0,0
群馬県,2018,カナダ,3703,403,1598,548,1154
群馬県,2018,米国,12438,1695,4935,3123,2685
群馬県,2018,オーストラリア,4247,2028,1345,109,765
山梨県,2018,韓国,21022,5277,3135,6612,5998
山梨県,2018,中国,657273,169163,144938,156310,186862
山梨県,2018,台湾,163626,26271,54216,37332,45807
山梨県,2018,香港,71258,13940,19490,19782,18046
山梨県,2018,ベトナム,68267,6635,18818,28663,14151
山梨県,2018,タイ,147737,34101,46266,17727,49643
山梨県,2018,シンガポール,26170,2912,6423,2930,13905
山梨県,2018,マレーシア,39677,6344,9786,2582,20965
山梨県,2018,フィリピン,26119,4843,10360,3032,7884
山梨県,2018,インドネシア,44009,6667,18144,4555,14643
山梨県,2018,インド,8269,1283,2127,2446,2413
山梨県,2018,英国,16599,2164,5728,3160,5547
山梨県,2018,フランス,19471,1862,4971,9260,3378
山梨県,2018,ドイツ,9410,500,3296,3230,2384
山梨県,2018,スペイン,11735,355,0,6507,4873
山梨県,2018,イタリア,5491,665,2626,2200,0
山梨県,2018,ロシア,2597,0,1136,0,1461
山梨県,2018,カナダ,20282,1626,4845,7540,6271
山梨県,2018,米国,53868,6134,15824,16116,15794
山梨県,2018,オーストラリア,32889,6161,11844,6967,7917
栃木県,2018,韓国,19082,3031,4814,5464,5773
栃木県,2018,中国,42948,10040,11646,9640,11622
栃木県,2018,台湾,80775,11375,30990,9953,28457
栃木県,2018,香港,22061,1771,9038,4519,6733
栃木県,2018,ベトナム,7229,2851,1255,2424,699
栃木県,2018,タイ,38554,7053,7966,2721,20814
栃木県,2018,シンガポール,5928,739,1945,238,3006
栃木県,2018,マレーシア,9185,1530,979,2742,3934
栃木県,2018,フィリピン,8822,122,4035,1005,3660
栃木県,2018,インドネシア,8685,2236,2578,2171,1700
栃木県,2018,インド,7391,428,3702,933,2328
栃木県,2018,英国,10712,399,3083,1466,5764
栃木県,2018,フランス,15881,1507,5037,3524,5813
栃木県,2018,ドイツ,8130,1013,2001,2643,2473
栃木県,2018,スペイン,7373,709,884,2761,3019
栃木県,2018,イタリア,6445,1330,654,2330,2131
栃木県,2018,ロシア,2819,353,967,404,1095
栃木県,2018,カナダ,7360,765,1664,2558,2373
栃木県,2018,米国,29904,4368,7728,5353,12455
栃木県,2018,オーストラリア,10736,1222,4443,1043,4028
茨城県,2018,韓国,20577,3873,3589,6182,6933
茨城県,2018,中国,80948,17795,26409,20559,16185
茨城県,2018,台湾,30199,1155,16782,7357,4905
茨城県,2018,香港,8492,1510,2837,2101,2044
茨城県,2018,ベトナム,4958,1401,777,2321,459
茨城県,2018,タイ,21903,2392,8934,4457,6120
茨城県,2018,シンガポール,4166,411,791,246,2718
茨城県,2018,マレーシア,3843,1833,0,0,2010
茨城県,2018,フィリピン,10391,2831,1876,196,5488
茨城県,2018,インドネシア,7593,1429,3689,643,1832
茨城県,2018,インド,4711,428,556,814,2913
茨城県,2018,英国,3192,1784,876,0,532
茨城県,2018,フランス,3651,2503,617,234,297
茨城県,2018,ドイツ,3599,1211,1450,582,356
茨城県,2018,スペイン,3907,0,2937,460,510
茨城県,2018,イタリア,4578,0,654,0,3924
茨城県,2018,ロシア,1429,353,284,792,0
茨城県,2018,カナダ,4385,917,1721,443,1304
茨城県,2018,米国,10650,2538,3596,2977,1539
茨城県,2018,オーストラリア,3661,221,1201,0,2239
東京都,2019,韓国,1195128,406256,344608,254756,189508
東京都,2019,中国,4959440,1155450,1233339,1568195,1002456
東京都,2019,台湾,1431704,358632,375085,361873,336114
東京都,2019,香港,738941,168985,184123,181777,204056
東京都,2019,ベトナム,310934,73510,82269,81151,74004
東京都,2019,タイ,646447,168295,173085,93726,211341
東京都,2019,シンガポール,301594,61693,75329,44152,120420
東京都,2019,マレーシア,243792,61191,53065,33954,95582
東京都,2019,フィリピン,314180,62025,95580,49773,106802
東京都,2019,インドネシア,335623,86115,94363,50808,104337
東京都,2019,インド,128597,28104,43639,28855,27999
東京都,2019,英国,363726,69788,89568,90080,114290
東京都,2019,フランス,294933,52339,89611,80233,72750
東京都,2019,ドイツ,194245,40636,55806,46237,51566
東京都,2019,スペイン,115663,16525,30579,42045,26514
東京都,2019,イタリア,140441,20329,43093,44479,32540
東京都,2019,ロシア,90033,16033,26013,22410,25577
東京都,2019,カナダ,314216,64276,85231,74891,89818
東京都,2019,米国,1313048,262089,404908,315981,330070
東京都,2019,オーストラリア,534718,137262,136732,107681,153043
神奈川県,2019,韓国,158517,46308,39713,40863,31633
神奈川県,2019,中国,853762,188826,205691,290447,168798
神奈川県,2019,台湾,226348,59575,52675,68592,45506
神奈川県,2019,香港,91487,16726,20214,24166,30381
神奈川県,2019,ベトナム,45730,12523,10064,12648,10495
神奈川県,2019,タイ,76916,20464,20959,12267,23226
神奈川県,2019,シンガポール,32571,6085,10030,4265,12191
神奈川県,2019,マレーシア,33782,6347,7975,5295,14165
神奈川県,2019,フィリピン,55829,11155,17021,7901,19752
神奈川県,2019,インドネシア,38144,8591,9922,6347,13284
神奈川県,2019,インド,33702,5494,10755,8383,9070
神奈川県,2019,英国,88556,6508,23227,13766,45055
神奈川県,2019,フランス,57979,8975,19545,17022,12437
神奈川県,2019,ドイツ,40531,5170,12232,9189,13940
神奈川県,2019,スペイン,26753,2815,9135,9824,4979
神奈川県,2019,イタリア,27283,4946,10903,7486,3948
神奈川県,2019,ロシア,11853,1892,4491,2348,3122
神奈川県,2019,カナダ,55267,7787,17719,12659,17102
神奈川県,2019,米国,292737,57528,89445,70606,75158
神奈川県,2019,オーストラリア,83847,12621,30490,17969,22767
千葉県,2019,韓国,919769,314407,272429,197901,135032
千葉県,2019,中国,3038360,726934,721334,980896,609196
千葉県,2019,台湾,1287627,330847,338704,319328,298748
千葉県,2019,香港,651129,153377,162734,158601,176417
千葉県,2019,ベトナム,242908,56749,66224,59663,60272
千葉県,2019,タイ,606825,165382,159361,87891,194191
千葉県,2019,シンガポール,185812,37559,47984,26392,73877
千葉県,2019,マレーシア,173999,39846,39646,24632,69875
千葉県,2019,フィリピン,278925,56934,82318,46029,93644
千葉県,2019,インドネシア,174107,45882,49672,24861,53692
千葉県,2019,インド,133089,30001,42000,30479,30609
千葉県,2019,英国,222154,38535,52893,61778,68948
千葉県,2019,フランス,165310,28964,47937,47114,41295
千葉県,2019,ドイツ,103651,21323,30529,26844,24955
千葉県,2019,スペイン,91869,12989,22350,34459,22071
千葉県,2019,イタリア,101897,15547,29390,33331,23629
千葉県,2019,ロシア,107667,20773,31029,24858,31007
千葉県,2019,カナダ,219851,44850,59125,53095,62781
千葉県,2019,米国,1086992,227127,321869,262195,275801
千葉県,2019,オーストラリア,398503,105426,100999,80258,111820
埼玉県,2019,韓国,44401,8598,15552,10367,9884
埼玉県,2019,中国,69105,11508,24033,17594,15970
埼玉県,2019,台湾,53428,9456,19165,12584,12223
埼玉県,2019,香港,21279,1481,8583,3683,7532
埼玉県,2019,ベトナム,18364,7432,4959,2131,3842
埼玉県,2019,タイ,25619,4152,9118,6160,6189
埼玉県,2019,シンガポール,1901,306,1059,217,319
埼玉県,2019,マレーシア,8110,1716,2350,1362,2682
埼玉県,2019,フィリピン,15515,2716,4031,3297,5471
埼玉県,2019,インドネシア,6485,1429,2076,920,2060
埼玉県,2019,インド,3101,0,431,1558,1112
埼玉県,2019,英国,6610,478,2117,0,4015
埼玉県,2019,フランス,3172,780,695,1306,391
埼玉県,2019,ドイツ,4700,1644,665,1671,720
埼玉県,2019,スペイン,999,0,468,319,212
埼玉県,2019,イタリア,1935,251,219,402,1063
埼玉県,2019,ロシア,675,0,0,0,675
埼玉県,2019,カナダ,4682,1815,1689,639,539
埼玉県,2019,米国,18615,2585,5060,6107,4863
埼玉県,2019,オーストラリア,5837,2031,1244,608,1954
群馬県,2019,韓国,11903,3675,1973,2957,3298
群馬県,2019,中国,28586,6825,8422,6073,7266
群馬県,2019,台湾,30493,11937,8380,5182,4994
群馬県,2019,香港,14182,2571,3377,2268,5966
群馬県,2019,ベトナム,2633,692,1556,385,0
群馬県,2019,タイ,12012,2336,3842,792,5042
群馬県,2019,シンガポール,4803,951,1082,325,2445
群馬県,2019,マレーシア,4367,582,541,409,2835
群馬県,2019,フィリピン,6940,994,869,1221,3856
群馬県,2019,インドネシア,1164,284,452,185,243
群馬県,2019,インド,1998,0,431,519,1048
群馬県,2019,英国,3581,1855,942,784,0
群馬県,2019,フランス,3188,134,298,908,1848
群馬県,2019,ドイツ,1915,691,489,305,430
群馬県,2019,スペイン,325,0,0,325,0
群馬県,2019,イタリア,1609,417,219,272,701
群馬県,2019,ロシア,835,0,835,0,0
群馬県,2019,カナダ,1737,278,165,421,873
群馬県,2019,米国,14229,3110,3478,2866,4775
群馬県,2019,オーストラリア,7571,2177,345,304,4745
山梨県,2019,韓国,14994,4393,4179,4037,2385
山梨県,2019,中国,970519,185236,225404,340415,219464
山梨県,2019,台湾,208318,42153,53578,61448,51139
山梨県,2019,香港,77704,13330,20346,22318,21710
山梨県,2019,ベトナム,45933,8040,13400,18323,6170
山梨県,2019,タイ,139509,38864,38192,10448,52005
山梨県,2019,シンガポール,20543,2870,6884,1728,9061
山梨県,2019,マレーシア,47505,9790,11702,5341,20672
山梨県,2019,フィリピン,26312,5282,10473,2367,8190
山梨県,2019,インドネシア,37204,10491,12445,2452,11816
山梨県,2019,インド,10119,381,4316,3880,1542
山梨県,2019,英国,17397,2844,5973,4331,4249
山梨県,2019,フランス,19077,2103,5352,7621,4001
山梨県,2019,ドイツ,11807,2094,3124,4148,2441
山梨県,2019,スペイン,3969,370,1053,1193,1353
山梨県,2019,イタリア,6919,1784,1508,2128,1499
山梨県,2019,ロシア,4622,273,682,2654,1013
山梨県,2019,カナダ,18586,1534,7397,5430,4225
山梨県,2019,米国,53042,5197,16585,15793,15467
山梨県,2019,オーストラリア,42089,3445,16749,6880,15015
栃木県,2019,韓国,15360,3810,3357,4171,4022
栃木県,2019,中国,39936,11721,9672,8785,9758
栃木県,2019,台湾,83251,12967,30641,12665,26978
栃木県,2019,香港,22818,3091,9982,2930,6815
栃木県,2019,ベトナム,5790,243,1255,1260,3032
栃木県,2019,タイ,44607,8278,10397,5599,20333
栃木県,2019,シンガポール,11962,1362,6904,915,2781
栃木県,2019,マレーシア,7832,1808,1987,2200,1837
栃木県,2019,フィリピン,9633,980,2784,1165,4704
栃木県,2019,インドネシア,6824,728,615,1121,4360
栃木県,2019,インド,4472,1824,1017,519,1112
栃木県,2019,英国,8011,2220,2083,1908,1800
栃木県,2019,フランス,14764,930,6363,3862,3609
栃木県,2019,ドイツ,8484,1073,1817,3824,1770
栃木県,2019,スペイン,9912,1161,1493,2881,4377
栃木県,2019,イタリア,5302,409,2599,2294,0
栃木県,2019,ロシア,3309,0,1682,531,1096
栃木県,2019,カナダ,7765,1068,2518,3058,1121
栃木県,2019,米国,26671,4027,7101,9482,6061
栃木県,2019,オーストラリア,12433,1427,4179,1854,4973
茨城県,2019,韓国,26464,7112,8819,4962,5571
茨城県,2019,中国,88447,19506,28100,22978,17863
茨城県,2019,台湾,39361,4865,20135,4887,9474
茨城県,2019,香港,14731,1345,6862,1296,5228
茨城県,2019,ベトナム,11067,4051,1015,2689,3312
茨城県,2019,タイ,24309,6766,5743,2975,8825
茨城県,2019,シンガポール,3586,825,616,1299,846
茨城県,2019,マレーシア,6227,2275,2036,479,1437
茨城県,2019,フィリピン,9181,1019,2773,877,4512
茨城県,2019,インドネシア,6473,992,1255,1022,3204
茨城県,2019,インド,4573,2498,155,337,1583
茨城県,2019,英国,4742,418,1612,1576,1136
茨城県,2019,フランス,3455,695,150,1375,1235
茨城県,2019,ドイツ,4128,1797,904,987,440
茨城県,2019,スペイン,348,0,157,191,0
茨城県,2019,イタリア,927,0,450,196,281
茨城県,2019,ロシア,414,0,414,0,0
茨城県,2019,カナダ,1405,278,1127,0,0
茨城県,2019,米国,10927,2449,3536,2208,2734
茨城県,2019,オーストラリア,1671,552,0,0,1119
